{"cameraMode":{"drawMode":0,"name":"Shaded","section":"Shading Mode"},"sceneLighting":false,"audioPlay":false,"sceneViewState":{"showFog":false,"showMaterialUpdate":false,"showSkybox":false,"showFlares":false,"showImageEffects":false,"showParticleSystems":false},"in2DMode":false,"pivot":{"x":-0.7091818451881409,"y":0.31140097975730898,"z":-0.0014303214848041535},"rotation":{"x":0.10534083098173142,"y":0.3749627470970154,"z":-0.04293188080191612,"w":0.9200343489646912},"size":5.6098551750183109,"orthographic":false}