{"cameraMode":{"drawMode":0,"name":"Shaded","section":"Shading Mode"},"sceneLighting":true,"audioPlay":false,"sceneViewState":{"showFog":true,"showMaterialUpdate":false,"showSkybox":true,"showFlares":true,"showImageEffects":true,"showParticleSystems":true},"in2DMode":false,"pivot":{"x":0.9332211017608643,"y":-23.667034149169923,"z":18.844764709472658},"rotation":{"x":0.3945668041706085,"y":0.03444506973028183,"z":-0.014802721329033375,"w":0.9181036949157715},"size":23.147607803344728,"orthographic":false}